Name of RV,Desciption of RV
Wandering Swan,Sleeps 5
Serendipity Glamping Projector,Sleeps 2
Destiny 2022 Hyundai Staria,Sleeps 2
Sunshine Trail AM-02,Sleeps 2
FAMILY LUXURY ON WHEELS,Sleeps 5
Condor Caravan Quad Bunk 24ft,Sleeps 7
Lilly,Sleeps 4
"Deluxe, all Inclusive & Quick Setup - Johnno's Deluxe",Sleeps 5
Family Caravan Adventure Awaits,Sleeps 5
Frankie Fortitude,Sleeps 2
Henry - Yonder 4x4 off-grid camper.,Sleeps 4
Swan Getaway,Sleeps 6
5 Star Brand New Leader Gold Caravan - Brisbane,Sleeps 4
Swan,Sleeps 6
Stay n Play on the Mid North Coast,Sleeps 5
Xavi - 22ft Triple Bunk Malibu Family Adventurer [2021],Sleeps 6
Jayco Journey,Sleeps 4
"Wakoo the Wanderer, make all your travel dreams come true with Wakoo",Sleeps 4
